league,fixture_id,datetime,home_team,away_team,referee,round,season,time,date
DFB Pokal,564163,2020-07-04 18:00:00+00:00,Bayer Leverkusen,Bayern Munich,L. Presinský,Final,2019,18:00:00,2020-07-04
Primera Division,214342,2020-07-01 17:30:00+00:00,Alaves,Granada CF,,33,2019,17:30:00,2020-07-01
Primera Division,214350,2020-07-01 17:30:00+00:00,Valencia,Athletic Club,,33,2019,17:30:00,2020-07-01
Primera Division,214344,2020-07-01 20:00:00+00:00,Real Betis,Villarreal,,33,2019,20:00:00,2020-07-01
Primera Division,214351,2020-07-01 20:00:00+00:00,Valladolid,Levante,,33,2019,20:00:00,2020-07-01
Primera Division,214345,2020-07-02 17:30:00+00:00,Eibar,Osasuna,,33,2019,17:30:00,2020-07-02
Primera Division,214349,2020-07-02 17:30:00+00:00,Real Sociedad,Espanyol,,33,2019,17:30:00,2020-07-02
Primera Division,214348,2020-07-02 20:00:00+00:00,Real Madrid,Getafe,,33,2019,20:00:00,2020-07-02
Primera Division,214353,2020-07-03 20:00:00+00:00,Atletico Madrid,Mallorca,,34,2019,20:00:00,2020-07-03
Primera Division,214354,2020-07-04 15:00:00+00:00,Celta Vigo,Real Betis,,34,2019,15:00:00,2020-07-04
Primera Division,214361,2020-07-04 17:30:00+00:00,Valladolid,Alaves,,34,2019,17:30:00,2020-07-04
Primera Division,214356,2020-07-04 20:00:00+00:00,Granada CF,Valencia,,34,2019,20:00:00,2020-07-04
Primera Division,214352,2020-07-05 12:00:00+00:00,Athletic Club,Real Madrid,,34,2019,12:00:00,2020-07-05
Primera Division,214355,2020-07-05 15:00:00+00:00,Espanyol,Leganes,,34,2019,15:00:00,2020-07-05
Primera Division,214358,2020-07-05 17:30:00+00:00,Osasuna,Getafe,,34,2019,17:30:00,2020-07-05
Primera Division,214360,2020-07-05 20:00:00+00:00,Villarreal,Barcelona,,34,2019,20:00:00,2020-07-05
Primera Division,214357,2020-07-06 17:30:00+00:00,Levante,Real Sociedad,,34,2019,17:30:00,2020-07-06
Primera Division,214359,2020-07-06 20:00:00+00:00,Sevilla,Eibar,,34,2019,20:00:00,2020-07-06
Primera Division,214362,2020-07-07 22:00:00+00:00,Athletic Club,Sevilla,,35,2019,22:00:00,2020-07-07
Primera Division,214363,2020-07-07 22:00:00+00:00,Barcelona,Espanyol,,35,2019,22:00:00,2020-07-07
Primera Division,214364,2020-07-07 22:00:00+00:00,Real Betis,Osasuna,,35,2019,22:00:00,2020-07-07
Primera Division,214365,2020-07-07 22:00:00+00:00,Celta Vigo,Atletico Madrid,,35,2019,22:00:00,2020-07-07
Primera Division,214366,2020-07-07 22:00:00+00:00,Eibar,Leganes,,35,2019,22:00:00,2020-07-07
Primera Division,214367,2020-07-07 22:00:00+00:00,Getafe,Villarreal,,35,2019,22:00:00,2020-07-07
Primera Division,214368,2020-07-07 22:00:00+00:00,Mallorca,Levante,,35,2019,22:00:00,2020-07-07
Primera Division,214369,2020-07-07 22:00:00+00:00,Real Madrid,Alaves,,35,2019,22:00:00,2020-07-07
Primera Division,214370,2020-07-07 22:00:00+00:00,Real Sociedad,Granada CF,,35,2019,22:00:00,2020-07-07
Primera Division,214371,2020-07-07 22:00:00+00:00,Valencia,Valladolid,,35,2019,22:00:00,2020-07-07
Primera Division,214381,2020-07-11 22:00:00+00:00,Valladolid,Barcelona,,36,2019,22:00:00,2020-07-11
Primera Division,214380,2020-07-11 22:00:00+00:00,Villarreal,Real Sociedad,,36,2019,22:00:00,2020-07-11
Primera Division,214379,2020-07-11 22:00:00+00:00,Sevilla,Mallorca,,36,2019,22:00:00,2020-07-11
Primera Division,214378,2020-07-11 22:00:00+00:00,Osasuna,Celta Vigo,,36,2019,22:00:00,2020-07-11
Primera Division,214377,2020-07-11 22:00:00+00:00,Levante,Athletic Club,,36,2019,22:00:00,2020-07-11
Primera Division,214373,2020-07-11 22:00:00+00:00,Atletico Madrid,Real Betis,,36,2019,22:00:00,2020-07-11
Primera Division,214375,2020-07-11 22:00:00+00:00,Granada CF,Real Madrid,,36,2019,22:00:00,2020-07-11
Primera Division,214374,2020-07-11 22:00:00+00:00,Espanyol,Eibar,,36,2019,22:00:00,2020-07-11
Primera Division,214372,2020-07-11 22:00:00+00:00,Alaves,Getafe,,36,2019,22:00:00,2020-07-11
Primera Division,214376,2020-07-11 22:00:00+00:00,Leganes,Valencia,,36,2019,22:00:00,2020-07-11
Primera Division,214391,2020-07-14 22:00:00+00:00,Valencia,Espanyol,,37,2019,22:00:00,2020-07-14
Primera Division,214390,2020-07-14 22:00:00+00:00,Real Sociedad,Sevilla,,37,2019,22:00:00,2020-07-14
Primera Division,214388,2020-07-14 22:00:00+00:00,Mallorca,Granada CF,,37,2019,22:00:00,2020-07-14
Primera Division,214387,2020-07-14 22:00:00+00:00,Getafe,Atletico Madrid,,37,2019,22:00:00,2020-07-14
Primera Division,214389,2020-07-14 22:00:00+00:00,Real Madrid,Villarreal,,37,2019,22:00:00,2020-07-14
Primera Division,214385,2020-07-14 22:00:00+00:00,Celta Vigo,Levante,,37,2019,22:00:00,2020-07-14
Primera Division,214384,2020-07-14 22:00:00+00:00,Real Betis,Alaves,,37,2019,22:00:00,2020-07-14
Primera Division,214383,2020-07-14 22:00:00+00:00,Barcelona,Osasuna,,37,2019,22:00:00,2020-07-14
Primera Division,214382,2020-07-14 22:00:00+00:00,Athletic Club,Leganes,,37,2019,22:00:00,2020-07-14
Primera Division,214386,2020-07-14 22:00:00+00:00,Eibar,Valladolid,,37,2019,22:00:00,2020-07-14
Primera Division,214400,2020-07-18 22:00:00+00:00,Villarreal,Eibar,,38,2019,22:00:00,2020-07-18
Primera Division,214392,2020-07-18 22:00:00+00:00,Alaves,Barcelona,,38,2019,22:00:00,2020-07-18
Primera Division,214393,2020-07-18 22:00:00+00:00,Atletico Madrid,Real Sociedad,,38,2019,22:00:00,2020-07-18
Primera Division,214394,2020-07-18 22:00:00+00:00,Espanyol,Celta Vigo,,38,2019,22:00:00,2020-07-18
Primera Division,214395,2020-07-18 22:00:00+00:00,Granada CF,Athletic Club,,38,2019,22:00:00,2020-07-18
Primera Division,214396,2020-07-18 22:00:00+00:00,Leganes,Real Madrid,,38,2019,22:00:00,2020-07-18
Primera Division,214397,2020-07-18 22:00:00+00:00,Levante,Getafe,,38,2019,22:00:00,2020-07-18
Primera Division,214398,2020-07-18 22:00:00+00:00,Osasuna,Mallorca,,38,2019,22:00:00,2020-07-18
Primera Division,214399,2020-07-18 22:00:00+00:00,Sevilla,Valencia,,38,2019,22:00:00,2020-07-18
Primera Division,214401,2020-07-18 22:00:00+00:00,Valladolid,Real Betis,,38,2019,22:00:00,2020-07-18
Segunda Division,214799,2020-07-01 17:30:00+00:00,Almeria,Sporting Gijon,,37,2019,17:30:00,2020-07-01
Segunda Division,214804,2020-07-01 17:30:00+00:00,Lugo,Numancia,,37,2019,17:30:00,2020-07-01
Segunda Division,214806,2020-07-01 17:30:00+00:00,Oviedo,Mirandes,,37,2019,17:30:00,2020-07-01
Segunda Division,214801,2020-07-01 19:45:00+00:00,Extremadura,Racing Santander,,37,2019,19:45:00,2020-07-01
Segunda Division,214805,2020-07-01 19:45:00+00:00,Ponferradina,Fuenlabrada,,37,2019,19:45:00,2020-07-01
Segunda Division,214798,2020-07-02 17:30:00+00:00,Albacete,Alcorcon,,37,2019,17:30:00,2020-07-02
Segunda Division,214803,2020-07-02 17:30:00+00:00,Huesca,Las Palmas,,37,2019,17:30:00,2020-07-02
Segunda Division,214807,2020-07-02 19:45:00+00:00,Rayo Vallecano,Malaga,,37,2019,19:45:00,2020-07-02
Segunda Division,214802,2020-07-03 17:30:00+00:00,Girona,Zaragoza,,37,2019,17:30:00,2020-07-03
Segunda Division,214816,2020-07-04 15:00:00+00:00,Numancia,Extremadura,,38,2019,15:00:00,2020-07-04
Segunda Division,214817,2020-07-04 15:00:00+00:00,Racing Santander,Elche,,38,2019,15:00:00,2020-07-04
Segunda Division,214810,2020-07-04 17:30:00+00:00,Almeria,Tenerife,,38,2019,17:30:00,2020-07-04
Segunda Division,214811,2020-07-04 19:45:00+00:00,Cadiz,Oviedo,,38,2019,19:45:00,2020-07-04
Segunda Division,214813,2020-07-04 19:45:00+00:00,Fuenlabrada,Mirandes,,38,2019,19:45:00,2020-07-04
Segunda Division,214812,2020-07-05 15:00:00+00:00,Deportivo La Coruna,Huesca,,38,2019,15:00:00,2020-07-05
Segunda Division,214814,2020-07-05 17:30:00+00:00,Las Palmas,Ponferradina,,38,2019,17:30:00,2020-07-05
Segunda Division,214815,2020-07-05 17:30:00+00:00,Malaga,Albacete,,38,2019,17:30:00,2020-07-05
Segunda Division,214809,2020-07-05 19:45:00+00:00,Alcorcon,Lugo,,38,2019,19:45:00,2020-07-05
Segunda Division,214818,2020-07-06 17:30:00+00:00,Sporting Gijon,Girona,,38,2019,17:30:00,2020-07-06
Segunda Division,214819,2020-07-06 19:45:00+00:00,Zaragoza,Rayo Vallecano,,38,2019,19:45:00,2020-07-06
Segunda Division,214830,2020-07-07 22:00:00+00:00,Tenerife,Zaragoza,,39,2019,22:00:00,2020-07-07
Segunda Division,214829,2020-07-07 22:00:00+00:00,Rayo Vallecano,Numancia,,39,2019,22:00:00,2020-07-07
Segunda Division,214828,2020-07-07 22:00:00+00:00,Oviedo,Las Palmas,,39,2019,22:00:00,2020-07-07
Segunda Division,214827,2020-07-07 22:00:00+00:00,Ponferradina,Lugo,,39,2019,22:00:00,2020-07-07
Segunda Division,214825,2020-07-07 22:00:00+00:00,Mirandes,Elche,,39,2019,22:00:00,2020-07-07
Segunda Division,214826,2020-07-07 22:00:00+00:00,Malaga,Deportivo La Coruna,,39,2019,22:00:00,2020-07-07
Segunda Division,214823,2020-07-07 22:00:00+00:00,Girona,Almeria,,39,2019,22:00:00,2020-07-07
Segunda Division,214822,2020-07-07 22:00:00+00:00,Fuenlabrada,Racing Santander,,39,2019,22:00:00,2020-07-07
Segunda Division,214821,2020-07-07 22:00:00+00:00,Extremadura,Cadiz,,39,2019,22:00:00,2020-07-07
Segunda Division,214820,2020-07-07 22:00:00+00:00,Albacete,Sporting Gijon,,39,2019,22:00:00,2020-07-07
Segunda Division,214824,2020-07-07 22:00:00+00:00,Huesca,Alcorcon,,39,2019,22:00:00,2020-07-07
Segunda Division,214838,2020-07-11 22:00:00+00:00,Numancia,Ponferradina,,40,2019,22:00:00,2020-07-11
Segunda Division,214841,2020-07-11 22:00:00+00:00,Zaragoza,Oviedo,,40,2019,22:00:00,2020-07-11
Segunda Division,214840,2020-07-11 22:00:00+00:00,Sporting Gijon,Malaga,,40,2019,22:00:00,2020-07-11
Segunda Division,214839,2020-07-11 22:00:00+00:00,Racing Santander,Huesca,,40,2019,22:00:00,2020-07-11
Segunda Division,214837,2020-07-11 22:00:00+00:00,Lugo,Girona,,40,2019,22:00:00,2020-07-11
Segunda Division,214831,2020-07-11 22:00:00+00:00,Alcorcon,Tenerife,,40,2019,22:00:00,2020-07-11
Segunda Division,214835,2020-07-11 22:00:00+00:00,Elche,Albacete,,40,2019,22:00:00,2020-07-11
Segunda Division,214834,2020-07-11 22:00:00+00:00,Deportivo La Coruna,Extremadura,,40,2019,22:00:00,2020-07-11
Segunda Division,214833,2020-07-11 22:00:00+00:00,Cadiz,Fuenlabrada,,40,2019,22:00:00,2020-07-11
Segunda Division,214832,2020-07-11 22:00:00+00:00,Almeria,Rayo Vallecano,,40,2019,22:00:00,2020-07-11
Segunda Division,214836,2020-07-11 22:00:00+00:00,Las Palmas,Mirandes,,40,2019,22:00:00,2020-07-11
Segunda Division,214852,2020-07-14 22:00:00+00:00,Tenerife,Lugo,,41,2019,22:00:00,2020-07-14
Segunda Division,214851,2020-07-14 22:00:00+00:00,Rayo Vallecano,Las Palmas,,41,2019,22:00:00,2020-07-14
Segunda Division,214849,2020-07-14 22:00:00+00:00,Ponferradina,Almeria,,41,2019,22:00:00,2020-07-14
Segunda Division,214848,2020-07-14 22:00:00+00:00,Malaga,Alcorcon,,41,2019,22:00:00,2020-07-14
Segunda Division,214847,2020-07-14 22:00:00+00:00,Mirandes,Deportivo La Coruna,,41,2019,22:00:00,2020-07-14
Segunda Division,214850,2020-07-14 22:00:00+00:00,Oviedo,Racing Santander,,41,2019,22:00:00,2020-07-14
Segunda Division,214845,2020-07-14 22:00:00+00:00,Girona,Cadiz,,41,2019,22:00:00,2020-07-14
Segunda Division,214844,2020-07-14 22:00:00+00:00,Fuenlabrada,Elche,,41,2019,22:00:00,2020-07-14
Segunda Division,214843,2020-07-14 22:00:00+00:00,Extremadura,Sporting Gijon,,41,2019,22:00:00,2020-07-14
Segunda Division,214842,2020-07-14 22:00:00+00:00,Albacete,Zaragoza,,41,2019,22:00:00,2020-07-14
Segunda Division,214846,2020-07-14 22:00:00+00:00,Huesca,Numancia,,41,2019,22:00:00,2020-07-14
Segunda Division,214862,2020-07-18 22:00:00+00:00,Sporting Gijon,Huesca,,42,2019,22:00:00,2020-07-18
Segunda Division,214853,2020-07-18 22:00:00+00:00,Alcorcon,Girona,,42,2019,22:00:00,2020-07-18
Segunda Division,214854,2020-07-18 22:00:00+00:00,Almeria,Malaga,,42,2019,22:00:00,2020-07-18
Segunda Division,214855,2020-07-18 22:00:00+00:00,Cadiz,Albacete,,42,2019,22:00:00,2020-07-18
Segunda Division,214856,2020-07-18 22:00:00+00:00,Deportivo La Coruna,Fuenlabrada,,42,2019,22:00:00,2020-07-18
Segunda Division,214857,2020-07-18 22:00:00+00:00,Elche,Oviedo,,42,2019,22:00:00,2020-07-18
Segunda Division,214858,2020-07-18 22:00:00+00:00,Las Palmas,Extremadura,,42,2019,22:00:00,2020-07-18
Segunda Division,214859,2020-07-18 22:00:00+00:00,Lugo,Mirandes,,42,2019,22:00:00,2020-07-18
Segunda Division,214860,2020-07-18 22:00:00+00:00,Numancia,Tenerife,,42,2019,22:00:00,2020-07-18
Segunda Division,214861,2020-07-18 22:00:00+00:00,Racing Santander,Rayo Vallecano,,42,2019,22:00:00,2020-07-18
Segunda Division,214863,2020-07-18 22:00:00+00:00,Zaragoza,Ponferradina,,42,2019,22:00:00,2020-07-18
Segunda Division,214774,2020-06-22 19:45:00+00:00,Sporting Gijon,Oviedo,Jorge Figueroa,34,2019,19:45:00,2020-06-22
Segunda Division,214778,2020-06-23 17:30:00+00:00,Elche,Deportivo La Coruna,,35,2019,17:30:00,2020-06-23
Segunda Division,214782,2020-06-23 17:30:00+00:00,Lugo,Malaga,,35,2019,17:30:00,2020-06-23
Segunda Division,214779,2020-06-23 19:45:00+00:00,Extremadura,Zaragoza,,35,2019,19:45:00,2020-06-23
Segunda Division,214786,2020-06-24 17:30:00+00:00,Tenerife,Mirandes,,35,2019,17:30:00,2020-06-24
Segunda Division,214781,2020-06-24 17:30:00+00:00,Huesca,Cadiz,,35,2019,17:30:00,2020-06-24
Segunda Division,214780,2020-06-24 17:30:00+00:00,Girona,Numancia,,35,2019,17:30:00,2020-06-24
Segunda Division,214783,2020-06-24 19:45:00+00:00,Ponferradina,Racing Santander,,35,2019,19:45:00,2020-06-24
Segunda Division,214776,2020-06-24 19:45:00+00:00,Albacete,Las Palmas,,35,2019,19:45:00,2020-06-24
Segunda Division,214777,2020-06-25 17:30:00+00:00,Almeria,Alcorcon,,35,2019,17:30:00,2020-06-25
Segunda Division,214785,2020-06-25 17:30:00+00:00,Rayo Vallecano,Sporting Gijon,,35,2019,17:30:00,2020-06-25
Segunda Division,214784,2020-06-25 19:45:00+00:00,Oviedo,Fuenlabrada,,35,2019,19:45:00,2020-06-25
Serie B,235437,2020-06-26 16:45:00+00:00,Trapani,Pordenone,,30,2019,16:45:00,2020-06-26
Championship,164631,2020-06-26 18:45:00+00:00,Brentford,West Brom,D. England,39,2019,18:45:00,2020-06-26
Serie B,235430,2020-06-26 19:00:00+00:00,Venezia,Ascoli,,30,2019,19:00:00,2020-06-26
Serie B,235431,2020-06-26 19:00:00+00:00,Empoli,Benevento,,30,2019,19:00:00,2020-06-26
Serie B,235432,2020-06-26 19:00:00+00:00,Frosinone,Cittadella,,30,2019,19:00:00,2020-06-26
Serie B,235433,2020-06-26 19:00:00+00:00,Cremonese,Nuova Cosenza,,30,2019,19:00:00,2020-06-26
Serie B,235434,2020-06-26 19:00:00+00:00,Perugia,Crotone,,30,2019,19:00:00,2020-06-26
Serie B,235435,2020-06-26 19:00:00+00:00,Juve Stabia,Livorno,,30,2019,19:00:00,2020-06-26
Serie B,235436,2020-06-26 19:00:00+00:00,Pisa,Pescara,,30,2019,19:00:00,2020-06-26
Serie B,235438,2020-06-26 19:00:00+00:00,Virtus Entella,Salernitana,,30,2019,19:00:00,2020-06-26
Serie B,235439,2020-06-26 19:00:00+00:00,Chievo,Spezia,,30,2019,19:00:00,2020-06-26
Championship,164635,2020-06-27 11:30:00+00:00,Preston,Cardiff,D. Bond,39,2019,11:30:00,2020-06-27
Championship,164639,2020-06-27 11:30:00+00:00,Swansea,Luton,J. Brooks,39,2019,11:30:00,2020-06-27
Championship,164634,2020-06-27 12:00:00+00:00,Derby,Reading,D. Webb,39,2019,12:00:00,2020-06-27
Championship,164630,2020-06-27 12:00:00+00:00,Barnsley,Millwall,D. Whitestone,39,2019,12:00:00,2020-06-27
Championship,164640,2020-06-27 14:00:00+00:00,Wigan,Blackburn,A.  Woolmer,39,2019,14:00:00,2020-06-27
Championship,164641,2020-06-27 14:00:00+00:00,Stoke City,Middlesbrough,J. Simpson,39,2019,14:00:00,2020-06-27
Championship,164633,2020-06-27 14:00:00+00:00,Charlton,QPR,T. Harrington,39,2019,14:00:00,2020-06-27
Championship,164636,2020-06-27 14:00:00+00:00,Birmingham,Hull City,G. Eltringham,39,2019,14:00:00,2020-06-27
Championship,164637,2020-06-27 14:00:00+00:00,Leeds,Fulham,R. Jones,39,2019,14:00:00,2020-06-27
Segunda Division,214789,2020-06-27 15:00:00+00:00,Deportivo La Coruna,Ponferradina,,36,2019,15:00:00,2020-06-27
Segunda Division,214791,2020-06-27 17:30:00+00:00,Las Palmas,Elche,,36,2019,17:30:00,2020-06-27
Segunda Division,214788,2020-06-27 17:30:00+00:00,Cadiz,Tenerife,,36,2019,17:30:00,2020-06-27
Segunda Division,214795,2020-06-27 19:45:00+00:00,Racing Santander,Albacete,,36,2019,19:45:00,2020-06-27
Championship,164632,2020-06-28 11:00:00+00:00,Bristol City,Sheffield Wednesday,J. Linington,39,2019,11:00:00,2020-06-28
Championship,164638,2020-06-28 13:15:00+00:00,Nottingham Forest,Huddersfield,G. Ward,39,2019,13:15:00,2020-06-28
Bundesliga 2,209517,2020-06-28 13:30:00+00:00,VfB Stuttgart,SV Darmstadt 98,,34,2019,13:30:00,2020-06-28
Bundesliga 2,209518,2020-06-28 13:30:00+00:00,Hannover 96,VfL BOCHUM,,34,2019,13:30:00,2020-06-28
Bundesliga 2,209519,2020-06-28 13:30:00+00:00,Hamburger SV,SV Sandhausen,,34,2019,13:30:00,2020-06-28
Bundesliga 2,209520,2020-06-28 13:30:00+00:00,Holstein Kiel,FC Nurnberg,,34,2019,13:30:00,2020-06-28
Bundesliga 2,209521,2020-06-28 13:30:00+00:00,Arminia Bielefeld,FC Heidenheim,,34,2019,13:30:00,2020-06-28
Bundesliga 2,209522,2020-06-28 13:30:00+00:00,Jahn Regensburg,Erzgebirge AUE,,34,2019,13:30:00,2020-06-28
Bundesliga 2,209523,2020-06-28 13:30:00+00:00,Dynamo Dresden,VfL Osnabruck,,34,2019,13:30:00,2020-06-28
Bundesliga 2,209524,2020-06-28 13:30:00+00:00,SpVgg Greuther Furth,Karlsruher SC,,34,2019,13:30:00,2020-06-28
Bundesliga 2,209525,2020-06-28 13:30:00+00:00,SV Wehen,FC St. Pauli,,34,2019,13:30:00,2020-06-28
Segunda Division,214796,2020-06-28 15:00:00+00:00,Sporting Gijon,Lugo,,36,2019,15:00:00,2020-06-28
Segunda Division,214792,2020-06-28 15:00:00+00:00,Mirandes,Almeria,,36,2019,15:00:00,2020-06-28
Segunda Division,214794,2020-06-28 17:30:00+00:00,Numancia,Oviedo,,36,2019,17:30:00,2020-06-28
Segunda Division,214793,2020-06-28 17:30:00+00:00,Malaga,Girona,,36,2019,17:30:00,2020-06-28
Segunda Division,214790,2020-06-28 19:45:00+00:00,Fuenlabrada,Extremadura,,36,2019,19:45:00,2020-06-28
Segunda Division,214787,2020-06-29 17:30:00+00:00,Alcorcon,Rayo Vallecano,,36,2019,17:30:00,2020-06-29
Segunda Division,214797,2020-06-29 19:45:00+00:00,Zaragoza,Huesca,,36,2019,19:45:00,2020-06-29
Serie B,235444,2020-06-29 22:00:00+00:00,Benevento,Juve Stabia,,31,2019,22:00:00,2020-06-29
Serie B,235440,2020-06-29 22:00:00+00:00,Salernitana,Cremonese,,31,2019,22:00:00,2020-06-29
Serie B,235441,2020-06-29 22:00:00+00:00,Ascoli,Crotone,,31,2019,22:00:00,2020-06-29
Serie B,235442,2020-06-29 22:00:00+00:00,Pescara,Empoli,,31,2019,22:00:00,2020-06-29
Serie B,235443,2020-06-29 22:00:00+00:00,Chievo,Frosinone,,31,2019,22:00:00,2020-06-29
Serie B,235445,2020-06-29 22:00:00+00:00,Cittadella,Perugia,,31,2019,22:00:00,2020-06-29
Serie B,235448,2020-06-29 22:00:00+00:00,Livorno,Venezia,,31,2019,22:00:00,2020-06-29
Serie B,235447,2020-06-29 22:00:00+00:00,Nuova Cosenza,Trapani,,31,2019,22:00:00,2020-06-29
Serie B,235449,2020-06-29 22:00:00+00:00,Pordenone,Virtus Entella,,31,2019,22:00:00,2020-06-29
Serie B,235446,2020-06-29 22:00:00+00:00,Spezia,Pisa,,31,2019,22:00:00,2020-06-29
Championship,164647,2020-06-30 16:00:00+00:00,Millwall,Swansea,,40,2019,16:00:00,2020-06-30
Championship,164642,2020-06-30 17:00:00+00:00,Barnsley,Blackburn,,40,2019,17:00:00,2020-06-30
Championship,164651,2020-06-30 17:00:00+00:00,Reading,Brentford,,40,2019,17:00:00,2020-06-30
Championship,164650,2020-06-30 17:30:00+00:00,QPR,Fulham,,40,2019,17:30:00,2020-06-30
Championship,164646,2020-06-30 18:45:00+00:00,Leeds,Luton,,40,2019,18:45:00,2020-06-30
Championship,164653,2020-06-30 18:45:00+00:00,Wigan,Stoke City,,40,2019,18:45:00,2020-06-30
Championship,164644,2020-06-30 18:45:00+00:00,Cardiff,Charlton,,40,2019,18:45:00,2020-06-30
Segunda Division,214800,2020-06-30 22:00:00+00:00,Elche,Cadiz,,37,2019,22:00:00,2020-06-30
Segunda Division,214808,2020-06-30 22:00:00+00:00,Tenerife,Deportivo La Coruna,,37,2019,22:00:00,2020-06-30
Championship,164649,2020-07-01 16:00:00+00:00,Preston,Derby,,40,2019,16:00:00,2020-07-01
Championship,164648,2020-07-01 18:45:00+00:00,Nottingham Forest,Bristol City,,40,2019,18:45:00,2020-07-01
Championship,164652,2020-07-01 18:45:00+00:00,Sheffield Wednesday,West Brom,,40,2019,18:45:00,2020-07-01
Championship,164643,2020-07-01 18:45:00+00:00,Birmingham,Huddersfield,,40,2019,18:45:00,2020-07-01
Championship,164645,2020-07-02 16:00:00+00:00,Hull City,Middlesbrough,,40,2019,16:00:00,2020-07-02
Championship,164658,2020-07-04 14:00:00+00:00,Derby,Nottingham Forest,,41,2019,14:00:00,2020-07-04
Championship,164663,2020-07-04 14:00:00+00:00,Stoke City,Barnsley,,41,2019,14:00:00,2020-07-04
Championship,164659,2020-07-04 14:00:00+00:00,Fulham,Birmingham,,41,2019,14:00:00,2020-07-04
Championship,164661,2020-07-04 14:00:00+00:00,Luton,Reading,,41,2019,14:00:00,2020-07-04
Championship,164660,2020-07-04 14:00:00+00:00,Huddersfield,Preston,,41,2019,14:00:00,2020-07-04
Championship,164664,2020-07-04 14:00:00+00:00,Swansea,Sheffield Wednesday,,41,2019,14:00:00,2020-07-04
Championship,164655,2020-07-04 14:00:00+00:00,Brentford,Wigan,,41,2019,14:00:00,2020-07-04
Championship,164656,2020-07-04 14:00:00+00:00,Bristol City,Cardiff,,41,2019,14:00:00,2020-07-04
Championship,164657,2020-07-04 14:00:00+00:00,Charlton,Millwall,,41,2019,14:00:00,2020-07-04
Championship,164654,2020-07-04 14:00:00+00:00,Blackburn,Leeds,,41,2019,14:00:00,2020-07-04
Serie B,235458,2020-07-04 22:00:00+00:00,Perugia,Pordenone,,32,2019,22:00:00,2020-07-04
Serie B,235457,2020-07-04 22:00:00+00:00,Cremonese,Pescara,,32,2019,22:00:00,2020-07-04
Serie B,235455,2020-07-04 22:00:00+00:00,Salernitana,Juve Stabia,,32,2019,22:00:00,2020-07-04
Serie B,235454,2020-07-04 22:00:00+00:00,Venezia,Empoli,,32,2019,22:00:00,2020-07-04
Serie B,235453,2020-07-04 22:00:00+00:00,Pisa,Cittadella,,32,2019,22:00:00,2020-07-04
Serie B,235452,2020-07-04 22:00:00+00:00,Virtus Entella,Chievo,,32,2019,22:00:00,2020-07-04
Serie B,235451,2020-07-04 22:00:00+00:00,Crotone,Benevento,,32,2019,22:00:00,2020-07-04
Serie B,235450,2020-07-04 22:00:00+00:00,Nuova Cosenza,Ascoli,,32,2019,22:00:00,2020-07-04
Serie B,235456,2020-07-04 22:00:00+00:00,Trapani,Livorno,,32,2019,22:00:00,2020-07-04
Serie B,235459,2020-07-04 22:00:00+00:00,Frosinone,Spezia,,32,2019,22:00:00,2020-07-04
Championship,164665,2020-07-05 14:00:00+00:00,West Brom,Hull City,,41,2019,14:00:00,2020-07-05
Championship,164662,2020-07-05 14:00:00+00:00,Middlesbrough,QPR,,41,2019,14:00:00,2020-07-05
Championship,164671,2020-07-07 18:45:00+00:00,Luton,Barnsley,,42,2019,18:45:00,2020-07-07
Championship,164675,2020-07-07 18:45:00+00:00,Sheffield Wednesday,Preston,,42,2019,18:45:00,2020-07-07
Championship,164669,2020-07-07 18:45:00+00:00,Cardiff,Blackburn,,42,2019,18:45:00,2020-07-07
Championship,164670,2020-07-07 18:45:00+00:00,Leeds,Stoke City,,42,2019,18:45:00,2020-07-07
Championship,164667,2020-07-07 18:45:00+00:00,Brentford,Charlton,,42,2019,18:45:00,2020-07-07
Championship,164666,2020-07-07 18:45:00+00:00,Birmingham,Swansea,,42,2019,18:45:00,2020-07-07
Championship,164673,2020-07-07 18:45:00+00:00,Nottingham Forest,Fulham,,42,2019,18:45:00,2020-07-07
Championship,164674,2020-07-07 18:45:00+00:00,Reading,Huddersfield,,42,2019,18:45:00,2020-07-07
Championship,164668,2020-07-08 18:45:00+00:00,Bristol City,Hull City,,42,2019,18:45:00,2020-07-08
Championship,164672,2020-07-08 18:45:00+00:00,Millwall,Middlesbrough,,42,2019,18:45:00,2020-07-08
Championship,164677,2020-07-08 18:45:00+00:00,Wigan,QPR,,42,2019,18:45:00,2020-07-08
Championship,164676,2020-07-08 19:00:00+00:00,West Brom,Derby,,42,2019,19:00:00,2020-07-08
Championship,164686,2020-07-11 14:00:00+00:00,Preston,Nottingham Forest,,43,2019,14:00:00,2020-07-11
Championship,164678,2020-07-11 14:00:00+00:00,Barnsley,Wigan,,43,2019,14:00:00,2020-07-11
Championship,164685,2020-07-11 14:00:00+00:00,Middlesbrough,Bristol City,,43,2019,14:00:00,2020-07-11
Championship,164684,2020-07-11 14:00:00+00:00,Hull City,Millwall,,43,2019,14:00:00,2020-07-11
Championship,164683,2020-07-11 14:00:00+00:00,Huddersfield,Luton,,43,2019,14:00:00,2020-07-11
Championship,164682,2020-07-11 14:00:00+00:00,Fulham,Cardiff,,43,2019,14:00:00,2020-07-11
Championship,164681,2020-07-11 14:00:00+00:00,Derby,Brentford,,43,2019,14:00:00,2020-07-11
Championship,164680,2020-07-11 14:00:00+00:00,Charlton,Reading,,43,2019,14:00:00,2020-07-11
Championship,164679,2020-07-11 14:00:00+00:00,Blackburn,West Brom,,43,2019,14:00:00,2020-07-11
Championship,164688,2020-07-11 14:00:00+00:00,Stoke City,Birmingham,,43,2019,14:00:00,2020-07-11
Championship,164687,2020-07-11 14:00:00+00:00,QPR,Sheffield Wednesday,,43,2019,14:00:00,2020-07-11
Championship,164689,2020-07-11 14:00:00+00:00,Swansea,Leeds,,43,2019,14:00:00,2020-07-11
Serie B,235468,2020-07-11 22:00:00+00:00,Benevento,Venezia,,33,2019,22:00:00,2020-07-11
Serie B,235460,2020-07-11 22:00:00+00:00,Spezia,Nuova Cosenza,,33,2019,22:00:00,2020-07-11
Serie B,235461,2020-07-11 22:00:00+00:00,Livorno,Cremonese,,33,2019,22:00:00,2020-07-11
Serie B,235462,2020-07-11 22:00:00+00:00,Cittadella,Crotone,,33,2019,22:00:00,2020-07-11
Serie B,235463,2020-07-11 22:00:00+00:00,Empoli,Frosinone,,33,2019,22:00:00,2020-07-11
Serie B,235464,2020-07-11 22:00:00+00:00,Pescara,Perugia,,33,2019,22:00:00,2020-07-11
Serie B,235465,2020-07-11 22:00:00+00:00,Pordenone,Pisa,,33,2019,22:00:00,2020-07-11
Serie B,235466,2020-07-11 22:00:00+00:00,Ascoli,Salernitana,,33,2019,22:00:00,2020-07-11
Serie B,235467,2020-07-11 22:00:00+00:00,Chievo,Trapani,,33,2019,22:00:00,2020-07-11
Serie B,235469,2020-07-11 22:00:00+00:00,Juve Stabia,Virtus Entella,,33,2019,22:00:00,2020-07-11
Serie B,235473,2020-07-13 22:00:00+00:00,Ascoli,Empoli,,34,2019,22:00:00,2020-07-13
Serie B,235470,2020-07-13 22:00:00+00:00,Trapani,Benevento,,34,2019,22:00:00,2020-07-13
Serie B,235471,2020-07-13 22:00:00+00:00,Cremonese,Chievo,,34,2019,22:00:00,2020-07-13
Serie B,235472,2020-07-13 22:00:00+00:00,Salernitana,Cittadella,,34,2019,22:00:00,2020-07-13
Serie B,235474,2020-07-13 22:00:00+00:00,Frosinone,Juve Stabia,,34,2019,22:00:00,2020-07-13
Serie B,235475,2020-07-13 22:00:00+00:00,Nuova Cosenza,Perugia,,34,2019,22:00:00,2020-07-13
Serie B,235476,2020-07-13 22:00:00+00:00,Venezia,Pescara,,34,2019,22:00:00,2020-07-13
Serie B,235477,2020-07-13 22:00:00+00:00,Virtus Entella,Pisa,,34,2019,22:00:00,2020-07-13
Serie B,235478,2020-07-13 22:00:00+00:00,Crotone,Pordenone,,34,2019,22:00:00,2020-07-13
Serie B,235479,2020-07-13 22:00:00+00:00,Livorno,Spezia,,34,2019,22:00:00,2020-07-13
Championship,164693,2020-07-14 18:45:00+00:00,Cardiff,Derby,,44,2019,18:45:00,2020-07-14
Championship,164695,2020-07-14 18:45:00+00:00,Luton,QPR,,44,2019,18:45:00,2020-07-14
Championship,164692,2020-07-14 18:45:00+00:00,Bristol City,Stoke City,,44,2019,18:45:00,2020-07-14
Championship,164696,2020-07-14 18:45:00+00:00,Millwall,Blackburn,,44,2019,18:45:00,2020-07-14
Championship,164697,2020-07-14 18:45:00+00:00,Nottingham Forest,Swansea,,44,2019,18:45:00,2020-07-14
Championship,164699,2020-07-14 18:45:00+00:00,Sheffield Wednesday,Huddersfield,,44,2019,18:45:00,2020-07-14
Championship,164694,2020-07-14 18:45:00+00:00,Leeds,Barnsley,,44,2019,18:45:00,2020-07-14
Championship,164701,2020-07-14 18:45:00+00:00,Wigan,Hull City,,44,2019,18:45:00,2020-07-14
Championship,164690,2020-07-14 18:45:00+00:00,Birmingham,Charlton,,44,2019,18:45:00,2020-07-14
Championship,164691,2020-07-14 18:45:00+00:00,Brentford,Preston,,44,2019,18:45:00,2020-07-14
Championship,164700,2020-07-14 19:00:00+00:00,West Brom,Fulham,,44,2019,19:00:00,2020-07-14
Championship,164698,2020-07-14 19:00:00+00:00,Reading,Middlesbrough,,44,2019,19:00:00,2020-07-14
Championship,164712,2020-07-18 14:00:00+00:00,Stoke City,Brentford,,45,2019,14:00:00,2020-07-18
Championship,164711,2020-07-18 14:00:00+00:00,QPR,Millwall,,45,2019,14:00:00,2020-07-18
Championship,164708,2020-07-18 14:00:00+00:00,Hull City,Luton,,45,2019,14:00:00,2020-07-18
Championship,164710,2020-07-18 14:00:00+00:00,Preston,Birmingham,,45,2019,14:00:00,2020-07-18
Championship,164709,2020-07-18 14:00:00+00:00,Middlesbrough,Cardiff,,45,2019,14:00:00,2020-07-18
Championship,164702,2020-07-18 14:00:00+00:00,Barnsley,Nottingham Forest,,45,2019,14:00:00,2020-07-18
Championship,164713,2020-07-18 14:00:00+00:00,Swansea,Bristol City,,45,2019,14:00:00,2020-07-18
Championship,164703,2020-07-18 14:00:00+00:00,Blackburn,Reading,,45,2019,14:00:00,2020-07-18
Championship,164704,2020-07-18 14:00:00+00:00,Charlton,Wigan,,45,2019,14:00:00,2020-07-18
Championship,164705,2020-07-18 14:00:00+00:00,Derby,Leeds,,45,2019,14:00:00,2020-07-18
Championship,164706,2020-07-18 14:00:00+00:00,Fulham,Sheffield Wednesday,,45,2019,14:00:00,2020-07-18
Championship,164707,2020-07-18 14:00:00+00:00,Huddersfield,West Brom,,45,2019,14:00:00,2020-07-18
Serie B,235489,2020-07-18 22:00:00+00:00,Empoli,Virtus Entella,,35,2019,22:00:00,2020-07-18
Serie B,235488,2020-07-18 22:00:00+00:00,Spezia,Venezia,,35,2019,22:00:00,2020-07-18
Serie B,235487,2020-07-18 22:00:00+00:00,Pisa,Trapani,,35,2019,22:00:00,2020-07-18
Serie B,235486,2020-07-18 22:00:00+00:00,Crotone,Salernitana,,35,2019,22:00:00,2020-07-18
Serie B,235481,2020-07-18 22:00:00+00:00,Juve Stabia,Chievo,,35,2019,22:00:00,2020-07-18
Serie B,235484,2020-07-18 22:00:00+00:00,Pescara,Frosinone,,35,2019,22:00:00,2020-07-18
Serie B,235483,2020-07-18 22:00:00+00:00,Perugia,Cremonese,,35,2019,22:00:00,2020-07-18
Serie B,235482,2020-07-18 22:00:00+00:00,Pordenone,Nuova Cosenza,,35,2019,22:00:00,2020-07-18
Serie B,235480,2020-07-18 22:00:00+00:00,Cittadella,Ascoli,,35,2019,22:00:00,2020-07-18
Serie B,235485,2020-07-18 22:00:00+00:00,Benevento,Livorno,,35,2019,22:00:00,2020-07-18
Championship,164715,2020-07-21 22:00:00+00:00,Brentford,Barnsley,,46,2019,22:00:00,2020-07-21
Championship,164716,2020-07-21 22:00:00+00:00,Bristol City,Preston,,46,2019,22:00:00,2020-07-21
Championship,164717,2020-07-21 22:00:00+00:00,Cardiff,Hull City,,46,2019,22:00:00,2020-07-21
Championship,164718,2020-07-21 22:00:00+00:00,Leeds,Charlton,,46,2019,22:00:00,2020-07-21
Championship,164719,2020-07-21 22:00:00+00:00,Luton,Blackburn,,46,2019,22:00:00,2020-07-21
Championship,164720,2020-07-21 22:00:00+00:00,Millwall,Huddersfield,,46,2019,22:00:00,2020-07-21
Championship,164721,2020-07-21 22:00:00+00:00,Nottingham Forest,Stoke City,,46,2019,22:00:00,2020-07-21
Championship,164722,2020-07-21 22:00:00+00:00,Reading,Swansea,,46,2019,22:00:00,2020-07-21
Championship,164723,2020-07-21 22:00:00+00:00,Sheffield Wednesday,Middlesbrough,,46,2019,22:00:00,2020-07-21
Championship,164714,2020-07-21 22:00:00+00:00,Birmingham,Derby,,46,2019,22:00:00,2020-07-21
Championship,164725,2020-07-21 22:00:00+00:00,Wigan,Fulham,,46,2019,22:00:00,2020-07-21
Championship,164724,2020-07-21 22:00:00+00:00,West Brom,QPR,,46,2019,22:00:00,2020-07-21
Serie B,235490,2020-07-25 22:00:00+00:00,Frosinone,Benevento,,36,2019,22:00:00,2020-07-25
Serie B,235491,2020-07-25 22:00:00+00:00,Chievo,Cittadella,,36,2019,22:00:00,2020-07-25
Serie B,235492,2020-07-25 22:00:00+00:00,Livorno,Crotone,,36,2019,22:00:00,2020-07-25
Serie B,235493,2020-07-25 22:00:00+00:00,Salernitana,Empoli,,36,2019,22:00:00,2020-07-25
Serie B,235494,2020-07-25 22:00:00+00:00,Venezia,Juve Stabia,,36,2019,22:00:00,2020-07-25
Serie B,235495,2020-07-25 22:00:00+00:00,Virtus Entella,Perugia,,36,2019,22:00:00,2020-07-25
Serie B,235496,2020-07-25 22:00:00+00:00,Trapani,Pescara,,36,2019,22:00:00,2020-07-25
Serie B,235497,2020-07-25 22:00:00+00:00,Nuova Cosenza,Pisa,,36,2019,22:00:00,2020-07-25
Serie B,235498,2020-07-25 22:00:00+00:00,Ascoli,Pordenone,,36,2019,22:00:00,2020-07-25
Serie B,235499,2020-07-25 22:00:00+00:00,Cremonese,Spezia,,36,2019,22:00:00,2020-07-25
Serie B,235507,2020-07-27 22:00:00+00:00,Perugia,Trapani,,37,2019,22:00:00,2020-07-27
Serie B,235506,2020-07-27 22:00:00+00:00,Pordenone,Salernitana,,37,2019,22:00:00,2020-07-27
Serie B,235505,2020-07-27 22:00:00+00:00,Pescara,Livorno,,37,2019,22:00:00,2020-07-27
Serie B,235508,2020-07-27 22:00:00+00:00,Cittadella,Venezia,,37,2019,22:00:00,2020-07-27
Serie B,235504,2020-07-27 22:00:00+00:00,Crotone,Frosinone,,37,2019,22:00:00,2020-07-27
Serie B,235502,2020-07-27 22:00:00+00:00,Empoli,Nuova Cosenza,,37,2019,22:00:00,2020-07-27
Serie B,235501,2020-07-27 22:00:00+00:00,Benevento,Chievo,,37,2019,22:00:00,2020-07-27
Serie B,235500,2020-07-27 22:00:00+00:00,Pisa,Ascoli,,37,2019,22:00:00,2020-07-27
Serie B,235503,2020-07-27 22:00:00+00:00,Juve Stabia,Cremonese,,37,2019,22:00:00,2020-07-27
Serie B,235509,2020-07-27 22:00:00+00:00,Spezia,Virtus Entella,,37,2019,22:00:00,2020-07-27
Serie B,235519,2020-07-31 22:00:00+00:00,Salernitana,Spezia,,38,2019,22:00:00,2020-07-31
Serie B,235518,2020-07-31 22:00:00+00:00,Cremonese,Pordenone,,38,2019,22:00:00,2020-07-31
Serie B,235517,2020-07-31 22:00:00+00:00,Frosinone,Pisa,,38,2019,22:00:00,2020-07-31
Serie B,235516,2020-07-31 22:00:00+00:00,Chievo,Pescara,,38,2019,22:00:00,2020-07-31
Serie B,235515,2020-07-31 22:00:00+00:00,Venezia,Perugia,,38,2019,22:00:00,2020-07-31
Serie B,235514,2020-07-31 22:00:00+00:00,Nuova Cosenza,Juve Stabia,,38,2019,22:00:00,2020-07-31
Serie B,235513,2020-07-31 22:00:00+00:00,Livorno,Empoli,,38,2019,22:00:00,2020-07-31
Serie B,235512,2020-07-31 22:00:00+00:00,Trapani,Crotone,,38,2019,22:00:00,2020-07-31
Serie B,235511,2020-07-31 22:00:00+00:00,Virtus Entella,Cittadella,,38,2019,22:00:00,2020-07-31
Serie B,235510,2020-07-31 22:00:00+00:00,Ascoli,Benevento,,38,2019,22:00:00,2020-07-31
Primera Division,214317,2020-06-19 17:30:00,Granada CF,Villarreal,Guillermo Cuadra,30,2019,17:30:00,2020-06-19
Primera Division,214318,2020-06-19 17:30:00,Mallorca,Leganes,Antonio Mateu,30,2019,17:30:00,2020-06-19
Primera Division,214320,2020-06-19 20:00:00,Sevilla,Barcelona,José González,30,2019,20:00:00,2020-06-19
Primera Division,214315,2020-06-20 12:00:00,Espanyol,Levante,Carlos Del Cerro,30,2019,12:00:00,2020-06-20
Primera Division,214312,2020-06-20 15:00:00,Athletic Club,Real Betis,Valentín Pizarro,30,2019,15:00:00,2020-06-20
Primera Division,214316,2020-06-20 17:30:00,Getafe,Eibar,Javier Alberola,30,2019,17:30:00,2020-06-20
Primera Division,214313,2020-06-20 20:00:00,Atletico Madrid,Valladolid,Pablo González,30,2019,20:00:00,2020-06-20
Primera Division,214314,2020-06-21 12:00:00,Celta Vigo,Alaves,Adrián Cordero,30,2019,12:00:00,2020-06-21
Primera Division,214321,2020-06-21 17:30:00,Valencia,Osasuna,David Medié,30,2019,17:30:00,2020-06-21
Primera Division,214319,2020-06-21 20:00:00,Real Sociedad,Real Madrid,Javier Estrada,30,2019,20:00:00,2020-06-21
Primera Division,214326,2020-06-22 17:30:00,Leganes,Granada CF,,31,2019,17:30:00,2020-06-22
Primera Division,214330,2020-06-22 20:00:00,Villarreal,Sevilla,,31,2019,20:00:00,2020-06-22
Primera Division,214327,2020-06-23 17:30:00,Levante,Atletico Madrid,,31,2019,17:30:00,2020-06-23
Primera Division,214331,2020-06-23 17:30:00,Valladolid,Getafe,,31,2019,17:30:00,2020-06-23
Primera Division,214323,2020-06-23 20:00:00,Barcelona,Athletic Club,,31,2019,20:00:00,2020-06-23
Primera Division,214322,2020-06-24 17:30:00,Alaves,Osasuna,,31,2019,17:30:00,2020-06-24
Primera Division,214329,2020-06-24 17:30:00,Real Sociedad,Celta Vigo,,31,2019,17:30:00,2020-06-24
Primera Division,214328,2020-06-24 20:00:00,Real Madrid,Mallorca,,31,2019,20:00:00,2020-06-24
Primera Division,214325,2020-06-25 17:30:00,Eibar,Valencia,,31,2019,17:30:00,2020-06-25
Primera Division,214324,2020-06-25 20:00:00,Real Betis,Espanyol,,31,2019,20:00:00,2020-06-25
Primera Division,214340,2020-06-26 20:00:00,Sevilla,Valladolid,,32,2019,20:00:00,2020-06-26
Primera Division,214332,2020-06-27 12:00:00,Athletic Club,Mallorca,,32,2019,12:00:00,2020-06-27
Primera Division,214334,2020-06-27 15:00:00,Celta Vigo,Barcelona,,32,2019,15:00:00,2020-06-27
Primera Division,214339,2020-06-27 17:30:00,Osasuna,Leganes,,32,2019,17:30:00,2020-06-27
Primera Division,214333,2020-06-27 20:00:00,Atletico Madrid,Alaves,,32,2019,20:00:00,2020-06-27
Primera Division,214338,2020-06-28 12:00:00,Levante,Real Betis,,32,2019,12:00:00,2020-06-28
Primera Division,214341,2020-06-28 15:00:00,Villarreal,Valencia,,32,2019,15:00:00,2020-06-28
Primera Division,214337,2020-06-28 17:30:00,Granada CF,Eibar,,32,2019,17:30:00,2020-06-28
Primera Division,214335,2020-06-28 20:00:00,Espanyol,Real Madrid,,32,2019,20:00:00,2020-06-28
Primera Division,214336,2020-06-29 20:00:00,Getafe,Real Sociedad,,32,2019,20:00:00,2020-06-29
Primera Division,214343,2020-06-30 22:00:00,Barcelona,Atletico Madrid,,33,2019,22:00:00,2020-06-30
Primera Division,214346,2020-06-30 22:00:00,Leganes,Sevilla,,33,2019,22:00:00,2020-06-30
Primera Division,214347,2020-06-30 22:00:00,Mallorca,Celta Vigo,,33,2019,22:00:00,2020-06-30
Serie A,232770,2020-06-20 17:30:00,Torino,Parma,R. Abisso,25,2019,17:30:00,2020-06-20
Serie A,232764,2020-06-20 19:45:00,Verona,Cagliari,L. Pairetto,25,2019,19:45:00,2020-06-20
Serie A,232772,2020-06-21 17:30:00,Atalanta,Sassuolo,G. Manganiello,25,2019,17:30:00,2020-06-21
Serie A,232771,2020-06-21 19:45:00,Inter,Sampdoria,M. Mariani,25,2019,19:45:00,2020-06-21
Serie A,232784,2020-06-22 17:30:00,Fiorentina,Brescia,,27,2019,17:30:00,2020-06-22
Serie A,232788,2020-06-22 17:30:00,Lecce,AC Milan,,27,2019,17:30:00,2020-06-22
Serie A,232786,2020-06-22 19:45:00,Bologna,Juventus,,27,2019,19:45:00,2020-06-22
Serie A,232785,2020-06-23 17:30:00,Spal,Cagliari,,27,2019,17:30:00,2020-06-23
Serie A,232789,2020-06-23 17:30:00,Verona,Napoli,,27,2019,17:30:00,2020-06-23
Serie A,232790,2020-06-23 19:45:00,Genoa,Parma,,27,2019,19:45:00,2020-06-23
Serie A,232793,2020-06-23 19:45:00,Torino,Udinese,,27,2019,19:45:00,2020-06-23
Serie A,232792,2020-06-24 17:30:00,Inter,Sassuolo,,27,2019,17:30:00,2020-06-24
Serie A,232787,2020-06-24 19:45:00,Atalanta,Lazio,,27,2019,19:45:00,2020-06-24
Serie A,232791,2020-06-24 19:45:00,AS Roma,Sampdoria,,27,2019,19:45:00,2020-06-24
Serie A,232800,2020-06-26 19:45:00,Juventus,Lecce,,28,2019,19:45:00,2020-06-26
Serie A,232797,2020-06-27 15:15:00,Brescia,Genoa,,28,2019,15:15:00,2020-06-27
Serie A,232803,2020-06-27 17:30:00,Cagliari,Torino,,28,2019,17:30:00,2020-06-27
Serie A,232796,2020-06-27 19:45:00,Lazio,Fiorentina,,28,2019,19:45:00,2020-06-27
Serie A,232801,2020-06-28 15:15:00,AC Milan,AS Roma,,28,2019,15:15:00,2020-06-28
Serie A,232794,2020-06-28 17:30:00,Udinese,Atalanta,,28,2019,17:30:00,2020-06-28
Serie A,232795,2020-06-28 17:30:00,Sampdoria,Bologna,,28,2019,17:30:00,2020-06-28
Serie A,232798,2020-06-28 17:30:00,Sassuolo,Verona,,28,2019,17:30:00,2020-06-28
Serie A,232802,2020-06-28 17:30:00,Napoli,Spal,,28,2019,17:30:00,2020-06-28
Serie A,232799,2020-06-28 19:45:00,Parma,Inter,,28,2019,19:45:00,2020-06-28
Serie A,232807,2020-06-30 17:30:00,Torino,Lazio,,29,2019,17:30:00,2020-06-30
Serie A,232806,2020-06-30 19:45:00,Genoa,Juventus,,29,2019,19:45:00,2020-06-30
Serie A,232804,2020-07-01 17:30:00,Inter,Brescia,,29,2019,17:30:00,2020-07-01
Serie A,232805,2020-07-01 17:30:00,Bologna,Cagliari,,29,2019,17:30:00,2020-07-01
Serie A,232808,2020-07-01 19:45:00,Spal,AC Milan,,29,2019,19:45:00,2020-07-01
Serie A,232810,2020-07-01 19:45:00,Verona,Parma,,29,2019,19:45:00,2020-07-01
Serie A,232811,2020-07-01 19:45:00,Lecce,Sampdoria,,29,2019,19:45:00,2020-07-01
Serie A,232812,2020-07-01 19:45:00,Fiorentina,Sassuolo,,29,2019,19:45:00,2020-07-01
Serie A,232809,2020-07-02 17:30:00,Atalanta,Napoli,,29,2019,17:30:00,2020-07-02
Serie A,232813,2020-07-02 19:45:00,AS Roma,Udinese,,29,2019,19:45:00,2020-07-02
Serie A,232823,2020-07-04 15:15:00,Juventus,Torino,,30,2019,15:15:00,2020-07-04
Serie A,232819,2020-07-04 17:30:00,Sassuolo,Lecce,,30,2019,17:30:00,2020-07-04
Serie A,232820,2020-07-04 19:45:00,Lazio,AC Milan,,30,2019,19:45:00,2020-07-04
Serie A,232815,2020-07-05 15:15:00,Inter,Bologna,,30,2019,15:15:00,2020-07-05
Serie A,232814,2020-07-05 17:30:00,Cagliari,Atalanta,,30,2019,17:30:00,2020-07-05
Serie A,232816,2020-07-05 17:30:00,Parma,Fiorentina,,30,2019,17:30:00,2020-07-05
Serie A,232817,2020-07-05 17:30:00,Udinese,Genoa,,30,2019,17:30:00,2020-07-05
Serie A,232818,2020-07-05 17:30:00,Brescia,Verona,,30,2019,17:30:00,2020-07-05
Serie A,232822,2020-07-05 17:30:00,Sampdoria,Spal,,30,2019,17:30:00,2020-07-05
Serie A,232821,2020-07-05 19:45:00,Napoli,AS Roma,,30,2019,19:45:00,2020-07-05
Serie A,232828,2020-07-07 17:30:00,Lecce,Lazio,,31,2019,17:30:00,2020-07-07
Serie A,232827,2020-07-07 19:45:00,AC Milan,Juventus,,31,2019,19:45:00,2020-07-07
Serie A,232825,2020-07-08 17:30:00,Fiorentina,Cagliari,,31,2019,17:30:00,2020-07-08
Serie A,232829,2020-07-08 17:30:00,Genoa,Napoli,,31,2019,17:30:00,2020-07-08
Serie A,232824,2020-07-08 19:45:00,Torino,Brescia,,31,2019,19:45:00,2020-07-08
Serie A,232830,2020-07-08 19:45:00,AS Roma,Parma,,31,2019,19:45:00,2020-07-08
Serie A,232831,2020-07-08 19:45:00,Atalanta,Sampdoria,,31,2019,19:45:00,2020-07-08
Serie A,232832,2020-07-08 19:45:00,Bologna,Sassuolo,,31,2019,19:45:00,2020-07-08
Serie A,232833,2020-07-09 17:30:00,Spal,Udinese,,31,2019,17:30:00,2020-07-09
Serie A,232826,2020-07-09 19:45:00,Verona,Inter,,31,2019,19:45:00,2020-07-09
Serie A,232841,2020-07-11 15:15:00,Lazio,Sassuolo,,32,2019,15:15:00,2020-07-11
Serie A,232839,2020-07-11 17:30:00,Brescia,AS Roma,,32,2019,17:30:00,2020-07-11
Serie A,232834,2020-07-11 19:45:00,Juventus,Atalanta,,32,2019,19:45:00,2020-07-11
Serie A,232842,2020-07-12 15:15:00,Genoa,Spal,,32,2019,15:15:00,2020-07-12
Serie A,232835,2020-07-12 17:30:00,Parma,Bologna,,32,2019,17:30:00,2020-07-12
Serie A,232836,2020-07-12 17:30:00,Fiorentina,Verona,,32,2019,17:30:00,2020-07-12
Serie A,232837,2020-07-12 17:30:00,Cagliari,Lecce,,32,2019,17:30:00,2020-07-12
Serie A,232840,2020-07-12 17:30:00,Udinese,Sampdoria,,32,2019,17:30:00,2020-07-12
Serie A,232838,2020-07-12 19:45:00,Napoli,AC Milan,,32,2019,19:45:00,2020-07-12
Serie A,232843,2020-07-13 19:45:00,Inter,Torino,,32,2019,19:45:00,2020-07-13
Serie A,232844,2020-07-14 19:45:00,Atalanta,Brescia,,33,2019,19:45:00,2020-07-14
Serie A,232845,2020-07-15 17:30:00,Sampdoria,Cagliari,,33,2019,17:30:00,2020-07-15
Serie A,232852,2020-07-15 17:30:00,Bologna,Napoli,,33,2019,17:30:00,2020-07-15
Serie A,232853,2020-07-15 17:30:00,AC Milan,Parma,,33,2019,17:30:00,2020-07-15
Serie A,232846,2020-07-15 19:45:00,Lecce,Fiorentina,,33,2019,19:45:00,2020-07-15
Serie A,232848,2020-07-15 19:45:00,AS Roma,Verona,,33,2019,19:45:00,2020-07-15
Serie A,232850,2020-07-15 19:45:00,Sassuolo,Juventus,,33,2019,19:45:00,2020-07-15
Serie A,232851,2020-07-15 19:45:00,Udinese,Lazio,,33,2019,19:45:00,2020-07-15
Serie A,232847,2020-07-16 17:30:00,Torino,Genoa,,33,2019,17:30:00,2020-07-16
Serie A,232849,2020-07-16 19:45:00,Spal,Inter,,33,2019,19:45:00,2020-07-16
Serie A,232854,2020-07-18 15:15:00,Verona,Atalanta,,34,2019,15:15:00,2020-07-18
Serie A,232860,2020-07-18 17:30:00,Cagliari,Sassuolo,,34,2019,17:30:00,2020-07-18
Serie A,232855,2020-07-18 19:45:00,AC Milan,Bologna,,34,2019,19:45:00,2020-07-18
Serie A,232859,2020-07-19 15:15:00,Parma,Sampdoria,,34,2019,15:15:00,2020-07-19
Serie A,232858,2020-07-19 17:30:00,Genoa,Lecce,,34,2019,17:30:00,2020-07-19
Serie A,232861,2020-07-19 17:30:00,Brescia,Spal,,34,2019,17:30:00,2020-07-19
Serie A,232862,2020-07-19 17:30:00,Fiorentina,Torino,,34,2019,17:30:00,2020-07-19
Serie A,232863,2020-07-19 17:30:00,Napoli,Udinese,,34,2019,17:30:00,2020-07-19
Serie A,232856,2020-07-19 19:45:00,AS Roma,Inter,,34,2019,19:45:00,2020-07-19
Serie A,232857,2020-07-20 19:45:00,Juventus,Lazio,,34,2019,19:45:00,2020-07-20
Serie A,232864,2020-07-21 17:30:00,Atalanta,Bologna,,35,2019,17:30:00,2020-07-21
Serie A,232871,2020-07-21 19:45:00,Sassuolo,AC Milan,,35,2019,19:45:00,2020-07-21
Serie A,232872,2020-07-22 17:30:00,Parma,Napoli,,35,2019,17:30:00,2020-07-22
Serie A,232865,2020-07-22 19:45:00,Lecce,Brescia,,35,2019,19:45:00,2020-07-22
Serie A,232867,2020-07-22 19:45:00,Inter,Fiorentina,,35,2019,19:45:00,2020-07-22
Serie A,232868,2020-07-22 19:45:00,Sampdoria,Genoa,,35,2019,19:45:00,2020-07-22
Serie A,232869,2020-07-22 19:45:00,Torino,Verona,,35,2019,19:45:00,2020-07-22
Serie A,232873,2020-07-22 19:45:00,Spal,AS Roma,,35,2019,19:45:00,2020-07-22
Serie A,232870,2020-07-23 17:30:00,Udinese,Juventus,,35,2019,17:30:00,2020-07-23
Serie A,232866,2020-07-23 19:45:00,Lazio,Cagliari,,35,2019,19:45:00,2020-07-23
Serie A,232874,2020-07-25 22:00:00,AC Milan,Atalanta,,36,2019,22:00:00,2020-07-25
Serie A,232875,2020-07-25 22:00:00,AS Roma,Fiorentina,,36,2019,22:00:00,2020-07-25
Serie A,232876,2020-07-25 22:00:00,Genoa,Inter,,36,2019,22:00:00,2020-07-25
Serie A,232877,2020-07-25 22:00:00,Verona,Lazio,,36,2019,22:00:00,2020-07-25
Serie A,232878,2020-07-25 22:00:00,Bologna,Lecce,,36,2019,22:00:00,2020-07-25
Serie A,232879,2020-07-25 22:00:00,Brescia,Parma,,36,2019,22:00:00,2020-07-25
Primeira Liga,212367,2020-06-21 20:00:00,GIL Vicente,Aves,,28,2019,20:00:00,2020-06-21
Primeira Liga,212365,2020-06-22 20:00:00,Portimonense,Maritimo,,28,2019,20:00:00,2020-06-22
Primeira Liga,212366,2020-06-23 18:00:00,Vitoria Setubal,Rio Ave,,28,2019,18:00:00,2020-06-23
Primeira Liga,212369,2020-06-23 18:15:00,Benfica,Santa Clara,,28,2019,18:15:00,2020-06-23
Primeira Liga,212364,2020-06-23 20:15:00,FC Porto,Boavista,,28,2019,20:15:00,2020-06-23
Primeira Liga,212363,2020-06-24 18:00:00,Tondela,Pacos Ferreira,,28,2019,18:00:00,2020-06-24
Primeira Liga,212362,2020-06-24 20:15:00,Moreirense,Famalicao,,28,2019,20:15:00,2020-06-24
Primeira Liga,212370,2020-06-25 20:00:00,SC Braga,Guimaraes,,28,2019,20:00:00,2020-06-25
Primeira Liga,212368,2020-06-26 18:15:00,Belenenses,Sporting CP,,28,2019,18:15:00,2020-06-26
Primeira Liga,212378,2020-06-28 20:00:00,Boavista,Santa Clara,,29,2019,20:00:00,2020-06-28
Primeira Liga,212376,2020-06-29 16:00:00,Aves,Moreirense,,29,2019,16:00:00,2020-06-29
Primeira Liga,212372,2020-06-29 17:00:00,Maritimo,Benfica,,29,2019,17:00:00,2020-06-29
Primeira Liga,212375,2020-06-29 20:15:00,Pacos Ferreira,FC Porto,,29,2019,20:15:00,2020-06-29
Primeira Liga,212374,2020-06-30 16:00:00,Famalicao,Portimonense,,29,2019,16:00:00,2020-06-30
Primeira Liga,212379,2020-06-30 18:15:00,Guimaraes,Vitoria Setubal,,29,2019,18:15:00,2020-06-30
Primeira Liga,212373,2020-06-30 20:15:00,Rio Ave,SC Braga,,29,2019,20:15:00,2020-06-30
Primeira Liga,212377,2020-07-01 18:00:00,Belenenses,Tondela,,29,2019,18:00:00,2020-07-01
Primeira Liga,212371,2020-07-01 20:15:00,Sporting CP,GIL Vicente,,29,2019,20:15:00,2020-07-01
Primeira Liga,212387,2020-07-03 18:15:00,Santa Clara,Maritimo,,30,2019,18:15:00,2020-07-03
Primeira Liga,212381,2020-07-04 16:00:00,Vitoria Setubal,Pacos Ferreira,,30,2019,16:00:00,2020-07-04
Primeira Liga,212384,2020-07-04 18:15:00,Portimonense,Guimaraes,,30,2019,18:15:00,2020-07-04
Primeira Liga,212386,2020-07-04 20:15:00,Benfica,Boavista,,30,2019,20:15:00,2020-07-04
Primeira Liga,212382,2020-07-04 20:30:00,SC Braga,Aves,,30,2019,20:30:00,2020-07-04
Primeira Liga,212385,2020-07-05 16:00:00,GIL Vicente,Rio Ave,,30,2019,16:00:00,2020-07-05
Primeira Liga,212380,2020-07-05 18:15:00,Tondela,Famalicao,,30,2019,18:15:00,2020-07-05
Primeira Liga,212383,2020-07-05 20:30:00,FC Porto,Belenenses,,30,2019,20:30:00,2020-07-05
Primeira Liga,212388,2020-07-06 20:00:00,Moreirense,Sporting CP,,30,2019,20:00:00,2020-07-06
Primeira Liga,212395,2020-07-08 18:00:00,Aves,Vitoria Setubal,,31,2019,18:00:00,2020-07-08
Primeira Liga,212397,2020-07-08 20:15:00,Boavista,Maritimo,,31,2019,20:15:00,2020-07-08
Primeira Liga,212392,2020-07-09 16:00:00,Rio Ave,Portimonense,,31,2019,16:00:00,2020-07-09
Primeira Liga,212391,2020-07-09 18:15:00,Tondela,FC Porto,,31,2019,18:15:00,2020-07-09
Primeira Liga,212393,2020-07-09 20:30:00,Famalicao,Benfica,,31,2019,20:30:00,2020-07-09
Primeira Liga,212389,2020-07-10 16:00:00,Guimaraes,GIL Vicente,,31,2019,16:00:00,2020-07-10
Primeira Liga,212390,2020-07-10 18:15:00,Sporting CP,Santa Clara,,31,2019,18:15:00,2020-07-10
Primeira Liga,212394,2020-07-10 20:30:00,Pacos Ferreira,SC Braga,,31,2019,20:30:00,2020-07-10
Primeira Liga,212396,2020-07-11 18:15:00,Belenenses,Moreirense,,31,2019,18:15:00,2020-07-11
Primeira Liga,212405,2020-07-13 18:15:00,Maritimo,Rio Ave,,32,2019,18:15:00,2020-07-13
Primeira Liga,212398,2020-07-13 20:15:00,Vitoria Setubal,Famalicao,,32,2019,20:15:00,2020-07-13
Primeira Liga,212400,2020-07-14 16:00:00,Santa Clara,Aves,,32,2019,16:00:00,2020-07-14
Primeira Liga,212402,2020-07-14 18:15:00,Portimonense,Boavista,,32,2019,18:15:00,2020-07-14
Primeira Liga,212403,2020-07-14 20:30:00,GIL Vicente,Tondela,,32,2019,20:30:00,2020-07-14
Primeira Liga,212404,2020-07-14 20:30:00,Benfica,Guimaraes,,32,2019,20:30:00,2020-07-14
Primeira Liga,212399,2020-07-15 16:00:00,Moreirense,Pacos Ferreira,,32,2019,16:00:00,2020-07-15
Primeira Liga,212401,2020-07-15 18:15:00,SC Braga,Belenenses,,32,2019,18:15:00,2020-07-15
Primeira Liga,212406,2020-07-15 20:30:00,FC Porto,Sporting CP,,32,2019,20:30:00,2020-07-15
Primeira Liga,212409,2020-07-18 18:00:00,Rio Ave,Santa Clara,,33,2019,18:00:00,2020-07-18
Primeira Liga,212412,2020-07-18 20:15:00,Famalicao,Boavista,,33,2019,20:15:00,2020-07-18
Primeira Liga,212407,2020-07-19 18:00:00,Belenenses,GIL Vicente,,33,2019,18:00:00,2020-07-19
Primeira Liga,212415,2020-07-19 20:15:00,Guimaraes,Maritimo,,33,2019,20:15:00,2020-07-19
Primeira Liga,212413,2020-07-20 16:00:00,Pacos Ferreira,Portimonense,,33,2019,16:00:00,2020-07-20
Primeira Liga,212408,2020-07-20 18:15:00,Tondela,SC Braga,,33,2019,18:15:00,2020-07-20
Primeira Liga,212410,2020-07-20 20:15:00,FC Porto,Moreirense,,33,2019,20:15:00,2020-07-20
Primeira Liga,212411,2020-07-21 18:00:00,Sporting CP,Vitoria Setubal,,33,2019,18:00:00,2020-07-21
Primeira Liga,212414,2020-07-21 20:15:00,Aves,Benfica,,33,2019,20:15:00,2020-07-21
Primeira Liga,212416,2020-07-25 22:00:00,Maritimo,Famalicao,,34,2019,22:00:00,2020-07-25
Primeira Liga,212417,2020-07-25 22:00:00,Portimonense,Aves,,34,2019,22:00:00,2020-07-25
Primeira Liga,212418,2020-07-25 22:00:00,Vitoria Setubal,Belenenses,,34,2019,22:00:00,2020-07-25
Primeira Liga,212419,2020-07-25 22:00:00,GIL Vicente,Pacos Ferreira,,34,2019,22:00:00,2020-07-25
Primeira Liga,212420,2020-07-25 22:00:00,Benfica,Sporting CP,,34,2019,22:00:00,2020-07-25
Primeira Liga,212421,2020-07-25 22:00:00,Boavista,Rio Ave,,34,2019,22:00:00,2020-07-25
Primeira Liga,212422,2020-07-25 22:00:00,SC Braga,FC Porto,,34,2019,22:00:00,2020-07-25
Primeira Liga,212423,2020-07-25 22:00:00,Santa Clara,Guimaraes,,34,2019,22:00:00,2020-07-25
Primeira Liga,212424,2020-07-25 22:00:00,Moreirense,Tondela,,34,2019,22:00:00,2020-07-25
Premier League,157311,2020-06-19 17:00:00,Norwich,Southampton,K. Friend,30,2019,17:00:00,2020-06-19
Premier League,157312,2020-06-19 19:15:00,Tottenham,Manchester United,J. Moss,30,2019,19:15:00,2020-06-19
Premier League,157313,2020-06-20 11:30:00,Watford,Leicester,C. Pawson,30,2019,11:30:00,2020-06-20
Premier League,157307,2020-06-20 14:00:00,Brighton,Arsenal,M. Atkinson,30,2019,14:00:00,2020-06-20
Premier League,157314,2020-06-20 16:30:00,West Ham,Wolves,A. Taylor,30,2019,16:30:00,2020-06-20
Premier League,157305,2020-06-20 18:45:00,Bournemouth,Crystal Palace,S. Attwell,30,2019,18:45:00,2020-06-20
Premier League,157310,2020-06-21 13:00:00,Newcastle,Sheffield Utd,D. Coote,30,2019,13:00:00,2020-06-21
Premier League,157306,2020-06-21 15:15:00,Aston Villa,Chelsea,P. Tierney,30,2019,15:15:00,2020-06-21
Premier League,157308,2020-06-21 18:00:00,Everton,Liverpool,M. Dean,30,2019,18:00:00,2020-06-21
Premier League,157309,2020-06-22 19:00:00,Manchester City,Burnley,A. Marriner,30,2019,19:00:00,2020-06-22
Premier League,157317,2020-06-23 17:00:00,Leicester,Brighton,L. Mason,31,2019,17:00:00,2020-06-23
Premier League,157323,2020-06-23 19:15:00,Tottenham,West Ham,C. Pawson,31,2019,19:15:00,2020-06-23
Premier League,157319,2020-06-24 17:00:00,Manchester United,Sheffield Utd,A. Taylor,31,2019,17:00:00,2020-06-24
Premier League,157320,2020-06-24 17:00:00,Newcastle,Aston Villa,C. Kavanagh,31,2019,17:00:00,2020-06-24
Premier League,157321,2020-06-24 17:00:00,Norwich,Everton,A. Madley,31,2019,17:00:00,2020-06-24
Premier League,157324,2020-06-24 17:00:00,Wolves,Bournemouth,M. Oliver,31,2019,17:00:00,2020-06-24
Premier League,157318,2020-06-24 19:15:00,Liverpool,Crystal Palace,M. Atkinson,31,2019,19:15:00,2020-06-24
Premier League,157315,2020-06-25 17:00:00,Burnley,Watford,M. Dean,31,2019,17:00:00,2020-06-25
Premier League,157322,2020-06-25 17:00:00,Southampton,Arsenal,G. Scott,31,2019,17:00:00,2020-06-25
Premier League,157316,2020-06-25 19:15:00,Chelsea,Manchester City,S. Attwell,31,2019,19:15:00,2020-06-25
Premier League,157327,2020-06-27 11:30:00,Aston Villa,Wolves,,32,2019,11:30:00,2020-06-27
Premier League,157333,2020-06-28 15:30:00,Watford,Southampton,,32,2019,15:30:00,2020-06-28
Premier League,157329,2020-06-29 19:00:00,Crystal Palace,Burnley,,32,2019,19:00:00,2020-06-29
Premier League,157328,2020-06-30 19:15:00,Brighton,Manchester United,,32,2019,19:15:00,2020-06-30
Premier League,157325,2020-07-01 17:00:00,Bournemouth,Newcastle,,32,2019,17:00:00,2020-07-01
Premier League,157326,2020-07-01 17:00:00,Arsenal,Norwich,,32,2019,17:00:00,2020-07-01
Premier League,157330,2020-07-01 17:00:00,Everton,Leicester,,32,2019,17:00:00,2020-07-01
Premier League,157334,2020-07-01 19:15:00,West Ham,Chelsea,,32,2019,19:15:00,2020-07-01
Premier League,157332,2020-07-02 17:00:00,Sheffield Utd,Tottenham,,32,2019,17:00:00,2020-07-02
Premier League,157331,2020-07-02 19:15:00,Manchester City,Liverpool,,32,2019,19:15:00,2020-07-02
Premier League,157335,2020-07-04 14:00:00,Burnley,Sheffield Utd,,33,2019,14:00:00,2020-07-04
Premier League,157336,2020-07-04 14:00:00,Chelsea,Watford,,33,2019,14:00:00,2020-07-04
Premier League,157337,2020-07-04 14:00:00,Leicester,Crystal Palace,,33,2019,14:00:00,2020-07-04
Premier League,157338,2020-07-04 14:00:00,Liverpool,Aston Villa,,33,2019,14:00:00,2020-07-04
Premier League,157339,2020-07-04 14:00:00,Manchester United,Bournemouth,,33,2019,14:00:00,2020-07-04
Premier League,157340,2020-07-04 14:00:00,Newcastle,West Ham,,33,2019,14:00:00,2020-07-04
Premier League,157341,2020-07-04 14:00:00,Norwich,Brighton,,33,2019,14:00:00,2020-07-04
Premier League,157342,2020-07-04 14:00:00,Southampton,Manchester City,,33,2019,14:00:00,2020-07-04
Premier League,157343,2020-07-04 14:00:00,Tottenham,Everton,,33,2019,14:00:00,2020-07-04
Premier League,157344,2020-07-04 14:00:00,Wolves,Arsenal,,33,2019,14:00:00,2020-07-04
Premier League,157345,2020-07-08 19:00:00,Bournemouth,Tottenham,,34,2019,19:00:00,2020-07-08
Premier League,157346,2020-07-08 19:00:00,Arsenal,Leicester,,34,2019,19:00:00,2020-07-08
Premier League,157347,2020-07-08 19:00:00,Aston Villa,Manchester United,,34,2019,19:00:00,2020-07-08
Premier League,157348,2020-07-08 19:00:00,Brighton,Liverpool,,34,2019,19:00:00,2020-07-08
Premier League,157349,2020-07-08 19:00:00,Crystal Palace,Chelsea,,34,2019,19:00:00,2020-07-08
Premier League,157350,2020-07-08 19:00:00,Everton,Southampton,,34,2019,19:00:00,2020-07-08
Premier League,157351,2020-07-08 19:00:00,Manchester City,Newcastle,,34,2019,19:00:00,2020-07-08
Premier League,157352,2020-07-08 19:00:00,Sheffield Utd,Wolves,,34,2019,19:00:00,2020-07-08
Premier League,157353,2020-07-08 19:00:00,Watford,Norwich,,34,2019,19:00:00,2020-07-08
Premier League,157354,2020-07-08 19:00:00,West Ham,Burnley,,34,2019,19:00:00,2020-07-08
Premier League,157355,2020-07-11 14:00:00,Bournemouth,Leicester,,35,2019,14:00:00,2020-07-11
Premier League,157356,2020-07-11 14:00:00,Aston Villa,Crystal Palace,,35,2019,14:00:00,2020-07-11
Premier League,157357,2020-07-11 14:00:00,Brighton,Manchester City,,35,2019,14:00:00,2020-07-11
Premier League,157358,2020-07-11 14:00:00,Liverpool,Burnley,,35,2019,14:00:00,2020-07-11
Premier League,157359,2020-07-11 14:00:00,Manchester United,Southampton,,35,2019,14:00:00,2020-07-11
Premier League,157360,2020-07-11 14:00:00,Norwich,West Ham,,35,2019,14:00:00,2020-07-11
Premier League,157361,2020-07-11 14:00:00,Sheffield Utd,Chelsea,,35,2019,14:00:00,2020-07-11
Premier League,157362,2020-07-11 14:00:00,Tottenham,Arsenal,,35,2019,14:00:00,2020-07-11
Premier League,157363,2020-07-11 14:00:00,Watford,Newcastle,,35,2019,14:00:00,2020-07-11
Premier League,157364,2020-07-11 14:00:00,Wolves,Everton,,35,2019,14:00:00,2020-07-11
Premier League,157365,2020-07-15 19:00:00,Arsenal,Liverpool,,36,2019,19:00:00,2020-07-15
Premier League,157366,2020-07-15 19:00:00,Burnley,Wolves,,36,2019,19:00:00,2020-07-15
Premier League,157367,2020-07-15 19:00:00,Chelsea,Norwich,,36,2019,19:00:00,2020-07-15
Premier League,157368,2020-07-15 19:00:00,Crystal Palace,Manchester United,,36,2019,19:00:00,2020-07-15
Premier League,157369,2020-07-15 19:00:00,Everton,Aston Villa,,36,2019,19:00:00,2020-07-15
Premier League,157370,2020-07-15 19:00:00,Leicester,Sheffield Utd,,36,2019,19:00:00,2020-07-15
Premier League,157371,2020-07-15 19:00:00,Manchester City,Bournemouth,,36,2019,19:00:00,2020-07-15
Premier League,157372,2020-07-15 19:00:00,Newcastle,Tottenham,,36,2019,19:00:00,2020-07-15
Premier League,157373,2020-07-15 19:00:00,Southampton,Brighton,,36,2019,19:00:00,2020-07-15
Premier League,157374,2020-07-15 19:00:00,West Ham,Watford,,36,2019,19:00:00,2020-07-15
Premier League,157375,2020-07-18 14:00:00,Bournemouth,Southampton,,37,2019,14:00:00,2020-07-18
Premier League,157376,2020-07-18 14:00:00,Aston Villa,Arsenal,,37,2019,14:00:00,2020-07-18
Premier League,157377,2020-07-18 14:00:00,Brighton,Newcastle,,37,2019,14:00:00,2020-07-18
Premier League,157378,2020-07-18 14:00:00,Liverpool,Chelsea,,37,2019,14:00:00,2020-07-18
Premier League,157379,2020-07-18 14:00:00,Manchester United,West Ham,,37,2019,14:00:00,2020-07-18
Premier League,157380,2020-07-18 14:00:00,Norwich,Burnley,,37,2019,14:00:00,2020-07-18
Premier League,157381,2020-07-18 14:00:00,Sheffield Utd,Everton,,37,2019,14:00:00,2020-07-18
Premier League,157382,2020-07-18 14:00:00,Tottenham,Leicester,,37,2019,14:00:00,2020-07-18
Premier League,157383,2020-07-18 14:00:00,Watford,Manchester City,,37,2019,14:00:00,2020-07-18
Premier League,157384,2020-07-18 14:00:00,Wolves,Crystal Palace,,37,2019,14:00:00,2020-07-18
Premier League,157385,2020-07-26 14:00:00,Arsenal,Watford,,38,2019,14:00:00,2020-07-26
Premier League,157386,2020-07-26 14:00:00,Burnley,Brighton,,38,2019,14:00:00,2020-07-26
Premier League,157387,2020-07-26 14:00:00,Chelsea,Wolves,,38,2019,14:00:00,2020-07-26
Premier League,157388,2020-07-26 14:00:00,Crystal Palace,Tottenham,,38,2019,14:00:00,2020-07-26
Premier League,157389,2020-07-26 14:00:00,Everton,Bournemouth,,38,2019,14:00:00,2020-07-26
Premier League,157390,2020-07-26 14:00:00,Leicester,Manchester United,,38,2019,14:00:00,2020-07-26
Premier League,157391,2020-07-26 14:00:00,Manchester City,Norwich,,38,2019,14:00:00,2020-07-26
Premier League,157392,2020-07-26 14:00:00,Newcastle,Liverpool,,38,2019,14:00:00,2020-07-26
Premier League,157393,2020-07-26 14:00:00,Southampton,Sheffield Utd,,38,2019,14:00:00,2020-07-26
Premier League,157394,2020-07-26 14:00:00,West Ham,Aston Villa,,38,2019,14:00:00,2020-07-26
FA Cup,338395,2020-06-26 22:00:00,Sheffield Utd,Arsenal,,Quarter-finals,2019,22:00:00,2020-06-26
FA Cup,338396,2020-06-26 22:00:00,Newcastle,Manchester City,,Quarter-finals,2019,22:00:00,2020-06-26
FA Cup,338397,2020-06-26 22:00:00,Norwich,Manchester United,,Quarter-finals,2019,22:00:00,2020-06-26
FA Cup,338398,2020-06-26 22:00:00,Leicester,Chelsea,,Quarter-finals,2019,22:00:00,2020-06-26
Bundesliga 1,209202,2020-06-20 13:30:00,Bayern Munich,SC Freiburg,,33,2019,13:30:00,2020-06-20
Bundesliga 1,209203,2020-06-20 13:30:00,RB Leipzig,Borussia Dortmund,,33,2019,13:30:00,2020-06-20
Bundesliga 1,209204,2020-06-20 13:30:00,1899 Hoffenheim,Union Berlin,,33,2019,13:30:00,2020-06-20
Bundesliga 1,209205,2020-06-20 13:30:00,Fortuna Dusseldorf,FC Augsburg,,33,2019,13:30:00,2020-06-20
Bundesliga 1,209206,2020-06-20 13:30:00,Hertha Berlin,Bayer Leverkusen,,33,2019,13:30:00,2020-06-20
Bundesliga 1,209207,2020-06-20 13:30:00,FSV Mainz 05,Werder Bremen,,33,2019,13:30:00,2020-06-20
Bundesliga 1,209208,2020-06-20 13:30:00,FC Schalke 04,VfL Wolfsburg,,33,2019,13:30:00,2020-06-20
Bundesliga 1,209209,2020-06-20 13:30:00,FC Koln,Eintracht Frankfurt,,33,2019,13:30:00,2020-06-20
Bundesliga 1,209210,2020-06-20 13:30:00,SC Paderborn 07,Borussia Monchengladbach,,33,2019,13:30:00,2020-06-20
Bundesliga 1,209211,2020-06-27 13:30:00,Borussia Dortmund,1899 Hoffenheim,,34,2019,13:30:00,2020-06-27
Bundesliga 1,209212,2020-06-27 13:30:00,Bayer Leverkusen,FSV Mainz 05,,34,2019,13:30:00,2020-06-27
Bundesliga 1,209213,2020-06-27 13:30:00,Borussia Monchengladbach,Hertha Berlin,,34,2019,13:30:00,2020-06-27
Bundesliga 1,209214,2020-06-27 13:30:00,VfL Wolfsburg,Bayern Munich,,34,2019,13:30:00,2020-06-27
Bundesliga 1,209215,2020-06-27 13:30:00,Eintracht Frankfurt,SC Paderborn 07,,34,2019,13:30:00,2020-06-27
Bundesliga 1,209216,2020-06-27 13:30:00,Werder Bremen,FC Koln,,34,2019,13:30:00,2020-06-27
Bundesliga 1,209217,2020-06-27 13:30:00,SC Freiburg,FC Schalke 04,,34,2019,13:30:00,2020-06-27
Bundesliga 1,209218,2020-06-27 13:30:00,FC Augsburg,RB Leipzig,,34,2019,13:30:00,2020-06-27
Bundesliga 1,209219,2020-06-27 13:30:00,Union Berlin,Fortuna Dusseldorf,,34,2019,13:30:00,2020-06-27
